12345679,Mary Smith,Nursing
12345680,Peter Jones,Engineering
12345681,Susan Brown,Accounting
12345682,David Williams,Marketing
12345683,Emily Johnson,English
12345684,Michael Thomas,History
12345685,Sarah Green,Political Science
12345686,James White,Philosophy
12345687,Jessica Black,Biology
12345688,Kevin Brown,Chemistry
12345689,Linda Green,Physics
12345690,John Smith,Mathematics
12345691,Mary Jones,Computer Science
12345692,Peter Brown,Business Administration
12345693,Susan Williams,Accounting
12345694,David Johnson,Marketing
12345695,Emily Thomas,English
12345696,Michael Green,History
12345697,Sarah White,Political Science
12345698,James Black,Philosophy
12345699,Jessica Brown,Biology
12345700,Kevin Green,Chemistry
12345701,Linda White,Physics
12345702,John Black,Mathematics
12345703,Mary Brown,Computer Science
12345704,Peter Green,Business Administration
12345705,Susan White,Accounting
12345706,David Black,Marketing
12345707,Emily Green,English
12345708,Michael White,History
12345709,Sarah Black,Political Science
12345710,James Brown,Philosophy
12345711,Jessica White,Biology
12345712,Kevin Black,Chemistry
12345713,Linda Brown,Physics
12345714,John White,Mathematics
12345715,Mary Green,Computer Science
12345716,Peter Black,Business Administration
12345717,Susan White,Accounting
12345718,David Green,Marketing
12345719,Emily Black,English
12345720,Michael White,History
12345721,Sarah Green,Political Science
12345722,James Black,Philosophy
12345723,Jessica White,Biology
12345724,Kevin Green,Chemistry
12345725,Linda Black,Physics
12345726,John White,Mathematics
12345727,Mary Green,Computer Science
12345728,Peter Black,Business Administration
12345729,Susan White,Accounting
12345730,David Green,Marketing
12345731,Emily Black,English
12345732,Michael White,History
12345733,Sarah Green,Political Science
12345734,James Black,Philosophy
12345735,Jessica White,Biology
12345736,Kevin Green,Chemistry
12345737,Linda Black,Physics
12345738,John White,Mathematics
12345739,Mary Green,Computer Science
12345740,Peter Black,Business Administration
12345741,Susan White,Accounting
12345742,David Green,Marketing
12345743,Emily Black,English
12345744,Michael White,History
12345745,Sarah Green,Political Science
12345746,Ava Brown,Nursing
12345747,Ben Jones,Engineering
12345748,Clara Smith,Accounting
12345749,David Williams,Marketing
12345750,Ethan Johnson,English
12345751,Frank Thomas,History
12345752,Grace Green,Political Science
12345753,Henry White,Philosophy
12345754,Ian Black,Biology
12345755,Jack Brown,Chemistry
12345756,Julia Green,Physics
12345757,Kevin Smith,Mathematics
12345758,Liam Jones,Computer Science
12345759,Noah Brown,Business Administration
12345760,Olivia Williams,Accounting
12345761,Peter Johnson,Marketing
12345762,Quinn Thomas,English
12345763,Ryan Green,History
12345764,Sophie White,Political Science
12345765,Talia Black,Philosophy
12345766,Tyler Brown,Biology
12345767,Uma Green,Chemistry
12345768,Violet White,Physics
12345769,William Black,Mathematics
12345770,Xavier Brown,Computer Science
12345771,Yvonne Green,Business Administration
12345772,Zachary Smith,Accounting
12345773,Abigail Jones,Marketing
12345774,Benjamin Thomas,English
12345775,Cameron Green,History
12345776,Daniel White,Political Science
12345777,Emily Black,Philosophy
12345778,Ethan Brown,Biology
12345779,Gabrielle Green,Chemistry
12345780,Hannah White,Physics
12345781,Isaiah Black,Mathematics
12345782,Jacob Brown,Computer Science
12345783,Joseph Green,Business Administration
12345784,Kevin Smith,Accounting
12345785,Liam Jones,Marketing
12345786,Noah Thomas,English
12345787,Olivia Green,History
12345788,Peter White,Political Science
12345789,Quinn Black,Philosophy
12345790,Ryan Brown,Biology
12345791,Sophie Green,Chemistry
12345792,Talia White,Physics
12345793,Tyler Black,Mathematics
12345794,Uma Brown,Computer Science
12345795,Violet Green,Business Administration
12345796,William Smith,Accounting
12345797,Xavier Jones,Marketing
12345798,Yvonne Thomas,English
12345799,Zachary Green,History
12345800,Ava White,Political Science